{"GLX_p": 0.018615023259639724, "SA_h": 0.013450834879406307, "TRXrd_c": 0.03357688425422415, "dGTP_c": 0.0, "GLX_c": 0.0, "Tyr_h": 0.0, "dADP_c": 0.0015442958792712487, "MOP_h": 0.0395448147911202, "E4P_h": 0.016943461964573858, "CAIR_h": 0.03542639626383468, "GLX_h": 0.00935762571934282, "AICAR_h": 0.03588222122704881, "Frc_c": 0.015427097639528067, "Phe_h": 0.0, "F6P_c": 0.12545112373818143, "F26BP_c": 0.0, "GLP_h": 0.004596457182664078, "F6P_h": 0.29365909637885196, "Val_h": 0.0, "TRXox_c": 0.028021573049282402, "Cytcrd_m": 0.0007330518414262255, "ADPG_h": 0.00639124734831983, "XMP_c": 0.03091542847546543, "GAP_c": 0.07715980209342754, "dTDP_c": 0.001871281427931674, "DHD_h": 0.009596315015034225, "UDP_c": 0.10095035932047854, "X5P_h": 0.05972055936869449, "GTP_c": 0.0, "GTP_h": 0.0, "dGDP_c": 0.002316443818906873, "3IPM_h": 0.011299660930202802, "6PG_h": 0.005193172488431109, "dUTP_c": 0.0084767449299469, "Lys_h": 0.0, "MOB_h": 0.06568677627790927, "CTP_c": 0.0014216762985235893, "iCit_h": 0.0077490243746401385, "cACN_c": 0.039880707508176426, "iCit_m": 0.02520298856753832, "UMP_c": 0.02743164806532473, "cACN_h": 0.0066321199326125424, "iCit_c": 0.05651005517200682, "cACN_m": 0.02648229124093128, "IPO_h": 0.012875055978504253, "GDP_c": 0.03832932598326686, "UTP_c": 0.004878126799309065, "Fum_c": 0.0, "DHF_c": 0.0017166741304672339, "AGN_h": 0.011270338856545752, "Fum_h": 0.0002798925212718316, "Q_m": 0.009633041652746083, "Fum_m": 0.003756671541373795, "HPR_h": 0.010246065510843836, "Glc_c": 0.043883148870833596, "PRPP_h": 0.05988740323715692, "HPR_p": 0.01536050156739812, "4MOP_h": 0.037985413601177145, "Glc_h": 0.019540686852439135, "AL_h": 0.0071732454737380835, "EPSP_h": 0.022368077324973874, "PRPP_c": 0.010629384982833258, "ANT_h": 0.0, "DAP_h": 0.006482843921267566, "RuBP_h": 0.006566392790882587, "2IPM_h": 0.008340797133900582, "IMP_h": 0.013733393043737871, "GDP_h": 0.011011771479751771, "AIR_h": 0.036784541402767996, "IMP_c": 0.018192303044519794, "GMP_c": 0.019221729966803856, "PEP_c": 0.13273865029190976, "T6P_c": 0.004862132940950674, "DHMB_h": 0.0068666965218689355, "PEP_h": 0.25799261837663084, "PGCA_h": 0.007805002878894504, "HMOB_h": 0.008704657411553962, "DHAP_h": 0.0037251092405912937, "2PGA_h": 0.09261255683589503, "ThPP_h": 0.0, "dATP_c": 0.0, "2PGA_c": 0.04744563080562059, "DHAP_c": 0.0006033873468778465, "dCTP_c": 0.0, "FAICAR_h": 0.01919263003006845, "S6P_c": 0.003543134674380275, "dCDP_c": 0.002316443818906873, "CHR_h": 0.03617277632055957, "FGAM_h": 0.037305674620945556, "Tre_c": 0.0, "S3P_h": 0.015420078689783127, "orO_m": 0.0040721655813460555, "orO_c": 0.0029872129551186126, "Pyr_h": 1.0277034258575344, "dTMP_c": 0.0034333482609344677, "Pyr_m": 0.019676751728993667, "OAA_p": 0.010721392884122395, "Pyr_c": 0.0980921633435418, "dUMP_c": 0.01172882946281961, "FBP_h": 0.0008512286837409988, "OAA_c": 0.43510912812477015, "OAA_m": 0.058668536456825744, "Pyr_p": 0.007115306308236221, "Leu_h": 0.0, "FBP_c": 0.060831376682089974, "OAA_h": 0.05328290444405858, "SCA_m": 0.020098450025877904, "KG_c": 0.12907855526078071, "KG_h": 0.7534723842666521, "KG_m": 0.035220944873183675, "Ile_h": 0.0, "KG_p": 0.038613775508857785, "AMP_c": 0.08224540665273425, "starch1_h": 0.007478042717310836, "IPM_h": 0.009788241315334909, "AMP_h": 0.21287703703595992, "Mal_h": 0.0782117169930723, "Mal_m": 0.04325409021814442, "CDP_c": 0.00035186488388458837, "Mal_c": 0.33688455494702096, "OMP_c": 0.03619167815316494, "PRE_h": 0.027453457872177085, "SAICAR_h": 0.04982286801868083, "Mal_p": 0.00045364421332049734, "UDPG_c": 0.01746037313879262, "FGAR_h": 0.03700578977672574, "THD_h": 0.017129422301836096, "QH2_m": 0.00849074628743236, "G6P_h": 0.21800190343069864, "PGA_h": 0.13337403554880042, "DAHP_h": 0.011890434073315845, "Ru5P_h": 0.06054135212078562, "G6P_c": 0.31266343421095977, "GAP_h": 0.5823065934023327, "Cytcox_m": 0.0008636683513530801, "S7P_h": 0.018237527958095263, "PGA_c": 0.06726387803014379, "DPGA_c": 0.021698080635448685, "Cit_m": 0.024230473124579533, "Cit_h": 0.00557919092401851, "GCEA_h": 0.030235589533619094, "HCO3_c": 0.0, "DPGA_h": 0.09429761136225855, "GCEA_c": 0.020648870833599897, "Cit_c": 0.036441004323655435, "R5P_h": 0.313714979335381, "GAR_h": 0.05877742946708464, "PRA_h": 0.036880504552918345, "THF_c": 0.0, "SBP_h": 1.1995393768792781e-05, "THF_h": 0.0, "GCEA_p": 0.017970699251487428, "SCA_c": 0.009541996260067048, "mDAP_h": 0.003670590493250592, "GCA_c": 0.012042156764183503, "G1P_c": 0.022521694334118363, "dTTP_c": 0.0, "DHS_h": 0.011545566502463054, "G1P_h": 0.012502932207365702, "GCA_h": 0.017705201202738146, "DHQ_h": 0.00970427355895336, "GCA_p": 0.015292603830605236, "Suc_c": 0.011904929805655926, "dUDP_c": 0.013266905508284818}